frame,type,left,reference,left_label,reference_label,iou
adasind_152940.jpg,mismatching_attributes,5,1,Bike,Bike,0.816
adasind_152940.jpg,mismatching_label,2,5,Car,Truck,0.769
adasind_152940.jpg,missing_annotation,,6,,ThreeWheeler,N/A
adasind_167700.jpg,mismatching_attributes,10,6,ThreeWheeler,ThreeWheeler,0.834
adasind_167700.jpg,mismatching_label,8,4,Truck,Car,0.771
adasind_167700.jpg,mismatching_attributes,1,5,Bike,Bike,0.654
adasind_167700.jpg,mismatching_attributes,6,9,Bike,Bike,0.600
adasind_167700.jpg,extra_annotation,7,,ThreeWheeler,,N/A
adasind_167700.jpg,missing_annotation,,2,,Bike,N/A
adasind_167700.jpg,missing_annotation,,8,,Truck,N/A
adasind_212280.jpg,mismatching_label,4,3,Car,Bus,0.828
