round,slice,frame,object_ref,cell,what,why,severity,owner,rule_id,evidence,action,rules_version,note
calib,C0,adasind_019560.jpg,L2,na,SPURIOUS,,,,,,,,
r1_craft,B3-center,adasind_152940.jpg,L2+R5,na,WRONG_CLASS,,,,,,,,
r1_craft,B3-center,adasind_152940.jpg,R6,na,MISSING,,,,,,,,
r1_craft,B3-center,adasind_167700.jpg,L4,na,IGNORE_SCOPE,,,,,,,,
r1_craft,B3-center,adasind_167700.jpg,L5,na,IGNORE_SCOPE,,,,,,,,
r1_craft,B3-center,adasind_167700.jpg,L7,na,SPURIOUS,,,,,,,,
r1_craft,B3-center,adasind_167700.jpg,L8+R4,na,WRONG_CLASS,,,,,,,,
r1_craft,B3-center,adasind_167700.jpg,R2,na,MISSING,,,,,,,,
r1_craft,B3-center,adasind_167700.jpg,R8,na,MISSING,,,,,,,,
r1_craft,B3-center,adasind_212280.jpg,L3,na,IGNORE_SCOPE,,,,,,,,
r1_craft,B3-center,adasind_212280.jpg,L4+R3,na,WRONG_CLASS,,,,,,,,
r2_qa,B2-center,adasind_062370.jpg,L1,L_only,ATTRIBUTE,,,qa,R05,submission/r2_qa/qa_review.md,,v1.0.0,QA ghi nhận truncated cần xác minh trên ảnh
r2_qa,B2-center,adasind_062370.jpg,L5,L_only,BOX_GEOMETRY,,,qa,R02,submission/r2_qa/qa_review.md,,v1.0.0,QA ghi nhận box chưa tight
r2_qa,B2-center,adasind_062370.jpg,ego_body,L_only,IGNORE_SCOPE,,,qa,R07,submission/r2_qa/qa_review.md,,v1.0.0,QA ghi nhận thiếu ego_body
r3_diag,B3-center,adasind_152940.jpg,L3+R3,LR_noM,MISSING,E4_model_domain,P1,ai_team,R02,submission/r3_diag/local_quality_conflicts.csv,escalate,v1.0.0,Reference và learner cùng có object nhưng model không có
r3_diag,B3-center,adasind_152940.jpg,L2,L_only,SPURIOUS,E1_annotator_error,P1,annotator,R02,submission/r3_diag/local_quality_conflicts.csv,rework,v1.0.0,Chỉ learner có object
r3_diag,B3-center,adasind_152940.jpg,R5+M9,RM_noL,MISSING,E1_annotator_error,P1,annotator,R02,submission/r3_diag/local_quality_conflicts.csv,rework,v1.0.0,Reference và model cùng có object nhưng learner bỏ sót
r3_diag,B3-center,adasind_152940.jpg,R6,R_only,MISSING,E1_annotator_error,P1,annotator,R02,submission/r3_diag/local_quality_conflicts.csv,rework,v1.0.0,Reference có object nhưng learner và model không có
r3_diag,B3-center,adasind_152940.jpg,M3,M_only,SPURIOUS,E4_model_domain,P2,ai_team,R02,submission/r3_diag/model_compare.md,escalate,v1.0.0,Chỉ model có object
r3_diag,B3-center,adasind_152940.jpg,M4,M_only,SPURIOUS,E4_model_domain,P2,ai_team,R02,submission/r3_diag/model_compare.md,escalate,v1.0.0,Chỉ model có object
r3_diag,B3-center,adasind_152940.jpg,M7,M_only,SPURIOUS,E4_model_domain,P2,ai_team,R02,submission/r3_diag/model_compare.md,escalate,v1.0.0,Chỉ model có object
r3_diag,B3-center,adasind_152940.jpg,M8,M_only,SPURIOUS,E4_model_domain,P2,ai_team,R02,submission/r3_diag/model_compare.md,escalate,v1.0.0,Chỉ model có object
r3_diag,B3-center,adasind_167700.jpg,L10+R6,LR_noM,MISSING,E4_model_domain,P1,ai_team,R02,submission/r3_diag/local_quality_conflicts.csv,escalate,v1.0.0,Reference và learner cùng có object nhưng model không có
r3_diag,B3-center,adasind_167700.jpg,L9+R7,LR_noM,MISSING,E4_model_domain,P1,ai_team,R02,submission/r3_diag/local_quality_conflicts.csv,escalate,v1.0.0,Reference và learner cùng có object nhưng model không có
r3_diag,B3-center,adasind_167700.jpg,L6+R9,LR_noM,MISSING,E4_model_domain,P1,ai_team,R02,submission/r3_diag/local_quality_conflicts.csv,escalate,v1.0.0,Reference và learner cùng có object nhưng model không có
r3_diag,B3-center,adasind_167700.jpg,L7,L_only,SPURIOUS,E1_annotator_error,P1,annotator,R02,submission/r3_diag/local_quality_conflicts.csv,rework,v1.0.0,Chỉ learner có object
r3_diag,B3-center,adasind_167700.jpg,L8,L_only,SPURIOUS,E1_annotator_error,P1,annotator,R02,submission/r3_diag/local_quality_conflicts.csv,rework,v1.0.0,Chỉ learner có object
r3_diag,B3-center,adasind_167700.jpg,R2+M7,RM_noL,MISSING,E1_annotator_error,P1,annotator,R02,submission/r3_diag/local_quality_conflicts.csv,rework,v1.0.0,Reference và model cùng có object nhưng learner bỏ sót
r3_diag,B3-center,adasind_167700.jpg,R4+M4,RM_noL,MISSING,E1_annotator_error,P1,annotator,R02,submission/r3_diag/local_quality_conflicts.csv,rework,v1.0.0,Reference và model cùng có object nhưng learner bỏ sót
r3_diag,B3-center,adasind_167700.jpg,R8+M9,RM_noL,MISSING,E1_annotator_error,P1,annotator,R02,submission/r3_diag/local_quality_conflicts.csv,rework,v1.0.0,Reference và model cùng có object nhưng learner bỏ sót
r3_diag,B3-center,adasind_167700.jpg,M5,M_only,SPURIOUS,E4_model_domain,P2,ai_team,R02,submission/r3_diag/model_compare.md,escalate,v1.0.0,Chỉ model có object
r3_diag,B3-center,adasind_167700.jpg,M8,M_only,SPURIOUS,E4_model_domain,P2,ai_team,R02,submission/r3_diag/model_compare.md,escalate,v1.0.0,Chỉ model có object
r3_diag,B3-center,adasind_212280.jpg,L4+M6,LM_noR,SPURIOUS,E0_reference_defect,P1,qa,R02,submission/r3_diag/local_quality_conflicts.csv,escalate,v1.0.0,Learner và model cùng có object nhưng reference không có
r3_diag,B3-center,adasind_212280.jpg,R3,R_only,MISSING,E1_annotator_error,P1,annotator,R02,submission/r3_diag/local_quality_conflicts.csv,rework,v1.0.0,Reference có object nhưng learner và model không có
r3_diag,B3-center,adasind_212280.jpg,M3,M_only,SPURIOUS,E4_model_domain,P2,ai_team,R02,submission/r3_diag/model_compare.md,escalate,v1.0.0,Chỉ model có object
r3_diag,B3-center,adasind_212280.jpg,M5,M_only,SPURIOUS,E4_model_domain,P2,ai_team,R02,submission/r3_diag/model_compare.md,escalate,v1.0.0,Chỉ model có object
